ADM1,Constituency
Carriacou and Petite Martinique,Carriacou
Carriacou and Petite Martinique,Carriacou & Petite Martinique
Carriacou and Petite Martinique,carriacou and petite martinique
Saint Andrew,St. Andrew North
Saint Andrew,St. Andrew North East
Saint Andrew,St. Andrew North West
Saint Andrew,St. Andrew Northeast
Saint Andrew,St. Andrew Northwest
Saint Andrew,St. Andrew South
Saint Andrew,St. Andrew South East
Saint Andrew,St. Andrew South West
Saint Andrew,St. Andrew Southeast
Saint Andrew,St. Andrew Southwest
Saint Andrew,saint andrew north east
Saint Andrew,saint andrew north west
Saint Andrew,saint andrew south east
Saint Andrew,saint andrew south west
Saint David,St. David
Saint David,saint david
Saint George,St. George North East
Saint George,St. George North West
Saint George,St. George Parish
Saint George,St. George Parish North
Saint George,St. George Parish Northeast
Saint George,St. George Parish Northwest
Saint George,St. George Parish South
Saint George,St. George Parish Southeast
Saint George,St. George South
Saint George,St. George South East
Saint George,St. George's Town
Saint George,Town of St. George
Saint George,saint george north east
Saint George,saint george north west
Saint George,saint george south
Saint George,saint george south east
Saint George,town of saint george
Saint John,St. John
Saint John,St. John/St. Mark
Saint John,saint john
Saint Mark,St. Mark
Saint Mark,saint mark
Saint Patrick,St. Patrick
Saint Patrick,St. Patrick East
Saint Patrick,St. Patrick West
Saint Patrick,saint patrick east
Saint Patrick,saint patrick west
