ADM1,Constituency
Christ Church,Christ Church East
Christ Church,Christ Church East Central
Christ Church,Christ Church South
Christ Church,Christ Church West
Christ Church,Christ Church West Central
Christ Church,christ church
Christ Church,christ church east
Christ Church,christ church east central
Christ Church,christ church north central
Christ Church,christ church south
Christ Church,christ church south central
Christ Church,christ church west
Christ Church,christ church west central
Saint Andrew,St Andrew
Saint Andrew,st andrew
Saint Andrew,st. andrew
Saint George,City of Bridgetown
Saint George,St George North
Saint George,St George South
Saint George,city of bridgetown
Saint George,st george
Saint George,st george north
Saint George,st george south
Saint George,st. george north
Saint George,st. george south
Saint James,St James North
Saint James,St James South
Saint James,St. James Central
Saint James,st james
Saint James,st james central
Saint James,st james north
Saint James,st james south
Saint James,st. james central
Saint James,st. james north
Saint James,st. james south
Saint John,St John
Saint John,st john
Saint John,st. john
Saint Joseph,St Joseph
Saint Joseph,st joseph
Saint Joseph,st. joseph
Saint Lucy,St Lucy
Saint Lucy,st lucy
Saint Lucy,st. lucy
Saint Michael,St Michael Central
Saint Michael,St Michael East
Saint Michael,St Michael North
Saint Michael,St Michael North East
Saint Michael,St Michael North West
Saint Michael,St Michael South
Saint Michael,St Michael South Central
Saint Michael,St Michael South East
Saint Michael,St Michael West
Saint Michael,St Michael West Central
Saint Michael,st michael
Saint Michael,st michael central
Saint Michael,st michael east
Saint Michael,st michael north
Saint Michael,st michael north central
Saint Michael,st michael north east
Saint Michael,st michael north west
Saint Michael,st michael south
Saint Michael,st michael south central
Saint Michael,st michael south east
Saint Michael,st michael south west
Saint Michael,st michael west
Saint Michael,st michael west central
Saint Michael,st. michael central
Saint Michael,st. michael east
Saint Michael,st. michael north
Saint Michael,st. michael north east
Saint Michael,st. michael north west
Saint Michael,st. michael south
Saint Michael,st. michael south central
Saint Michael,st. michael south east
Saint Michael,st. michael west
Saint Michael,st. michael west central
Saint Peter,St Peter
Saint Peter,st peter
Saint Peter,st. peter
Saint Philip,St Philip North
Saint Philip,St Philip South
Saint Philip,St Philip West
Saint Philip,st philip
Saint Philip,st philip north
Saint Philip,st philip south
Saint Philip,st philip west
Saint Philip,st. philip north
Saint Philip,st. philip south
Saint Philip,st. philip west
Saint Thomas,St Thomas
Saint Thomas,st thomas
Saint Thomas,st. thomas
