ADM1,Constituency
Acklins,"MAYAGUANA, INAGUA, CROOKED ISLAND, ACKLINS & LONG CAY"
Acklins,Tall Pines
Acklins,clifton
Acklins,st. cecelia
Berry Islands,BLUE HILLS
Berry Islands,NORTH ANDROS & BERRY ISLANDS
Berry Islands,North Andros and Berry Islands
Berry Islands,blue hills
Bimini,WEST END & BIMINI
Bimini,west end & bimini
Bimini,west end & binimi
Cat Island,"CAT ISLAND, RUM CAY & SAN SALVADOR"
Cat Island,"Cat Island, Rum Cay and San Salvador"
Cat Island,SAINT CECILIA
Cat Island,st. cecila
Central Abaco,Central Grand Bahama
Central Andros,EIGHT MILE ROCK
Central Andros,carmicheal
Central Andros,eight mile rock
Central Eleuthera,CENTREVILLE
Central Eleuthera,Centreville
Central Eleuthera,Seabreeze
Central Eleuthera,sea breeze
City of Freeport,DELAPORTE
City of Freeport,ENGLERSTON
City of Freeport,Englerston
City of Freeport,MARCO CITY
City of Freeport,Marco City
City of Freeport,delaporte
City of Freeport,englerston
City of Freeport,marco city
Crooked Island and Long Cay,Killarney
Crooked Island and Long Cay,killarney
Crooked Island and Long Cay,long & ragged is.
East Grand Bahama,East Grand Bahama
Exuma,EXUMA
Exuma,Exumas and Ragged Island
Exuma,MALCOLM CREEK
Exuma,exuma
Hope Town,BAIN TOWN
Hope Town,BAMBOO TOWN
Hope Town,Bain Town and Grants Town
Hope Town,Bamboo Town
Hope Town,GRANTS TOWN
Hope Town,bain & grants town
Hope Town,bamboo town
Inagua,GOLDEN GATES
Inagua,Golden Gates
Inagua,MONTAGU
Inagua,Montagu
Inagua,Nassau Village
Inagua,bain & grants towns
Inagua,golden gates
Inagua,montagu
Long Island,FOX HILL
Long Island,Fox Hill
Long Island,Golden Isles
Long Island,LONG ISLAND & RAGGED ISLAND
Long Island,Long Island
Long Island,fox hill
Long Island,golden isles
Mangrove Cay,MANGROVE CAY & SOUTH ANDROS
Mangrove Cay,Mangrove Cay and South Andros
Moore's Island,MOUNT MORIAH
Moore's Island,Mount Moriah
Moore's Island,SHIRLEA
Moore's Island,mount moriah
Moore's Island,mt. moriah
New Providence,KENNEDY
New Providence,PINERIDGE
New Providence,Pineridge
New Providence,Pinewood
New Providence,kennedy
New Providence,pineridge
New Providence,pinewood
North Abaco,NORTH ABACO
North Abaco,North Abaco
North Abaco,north abaco
North Andros,FORT CHARLOTTE
North Andros,Fort Charlotte
North Andros,HIGH ROCK
North Andros,HOLY CROSS
North Andros,fort charlotte
North Andros,high rock
North Andros,holy cross
North Andros,north andros
North Andros,north andros & berry
North Eleuthera,Elizabeth
North Eleuthera,NORTH ELEUTHERA
North Eleuthera,North Eleuthera
North Eleuthera,elizabeth
North Eleuthera,north eleuthera
Ragged Island,ADELAIDE
Ragged Island,adelaide
Ragged Island,long & ragged islands
Rum Cay,CARMICHAEL
Rum Cay,Carmichael
Rum Cay,LUCAYA
Rum Cay,Mical
Rum Cay,carmichael
Rum Cay,cat is. rum cay
Rum Cay,farm road & centreville
Rum Cay,lucaya
Rum Cay,m.i.c.a.l.
Rum Cay,mical
San Salvador,SAINT MARGARET
San Salvador,"cat, rum & san salvador"
South Abaco,Central and South Abaco
South Abaco,SOUTH ABACO
South Abaco,SOUTH BEACH
South Abaco,South Beach
South Abaco,south abaco
South Abaco,south beach
South Andros,Southern Shores
South Andros,St. Anne's
South Andros,south andros
South Andros,st. anne's
South Eleuthera,Central and South Eleuthera
South Eleuthera,SOUTH ELEUTHERA
South Eleuthera,south eleuthera
Spanish Wells,GARDEN HILLS
Spanish Wells,Garden Hills
Spanish Wells,garden hills
West Grand Bahama,MARATHON
West Grand Bahama,Marathon
West Grand Bahama,West Grand Bahama and Bimini
West Grand Bahama,YAMACRAW
West Grand Bahama,Yamacraw
West Grand Bahama,farm road
West Grand Bahama,marathon
West Grand Bahama,st. margaret
West Grand Bahama,st. thomas more
West Grand Bahama,yamacraw
