ADM1,Constituency
Abra,abra
Agusan del Norte,agusan del norte 1
Agusan del Norte,agusan del norte 2
Agusan del Sur,agusan del sur
Agusan del Sur,agusan del sur 1
Agusan del Sur,agusan del sur 2
Aklan,aklan
Albay,albay 1
Albay,albay 2
Albay,albay 3
Antique,antique
Apayao,apayao
Apayao,kalinga apayao
Aurora,aurora
Bacolod,bacolod city (capital)
Baguio,baguio city
Basilan,basilan
Bataan,bataan 1
Bataan,bataan 2
Batanes,batanes
Batangas,batangas 1
Batangas,batangas 2
Batangas,batangas 3
Batangas,batangas 4
Benguet,benguet
Biliran,biliran
Bohol,bohol 1
Bohol,bohol 2
Bohol,bohol 3
Bukidnon,bukidnon 1
Bukidnon,bukidnon 2
Bukidnon,bukidnon 3
Bulacan,bulacan 1
Bulacan,bulacan 2
Bulacan,bulacan 3
Bulacan,bulacan 4
Cagayan,cagayan 1
Cagayan,cagayan 2
Cagayan,cagayan 3
Cagayan,cagayan de oro city (capital)
Cagayan,cagayan de oro city (capital) 1
Cagayan,cagayan de oro city (capital) 2
Caloocan,caloocan city 1
Caloocan,caloocan city 2
Camarines Norte,camarines norte
Camarines Sur,camarines sur 1
Camarines Sur,camarines sur 2
Camarines Sur,camarines sur 3
Camarines Sur,camarines sur 4
Camarines Sur,camarines sur 5
Camiguin,camiguin
Capiz,capiz 1
Capiz,capiz 2
Catanduanes,catanduanes
Cavite,cavite 1
Cavite,cavite 2
Cavite,cavite 3
Cavite,cavite 4
Cavite,cavite 5
Cavite,cavite 6
Cavite,cavite 7
Cebu,cebu 1
Cebu,cebu 2
Cebu,cebu 3
Cebu,cebu 4
Cebu,cebu 5
Cebu,cebu 6
Cebu,cebu city (capital) 1
Cebu,cebu city (capital) 2
Compostela Valley,compostela valley 1
Compostela Valley,compostela valley 2
Cotabato,north cotabato 1
Cotabato,north cotabato 2
Davao,davao city 1
Davao,davao city 2
Davao,davao city 3
Davao Oriental,davao oriental 1
Davao Oriental,davao oriental 2
Davao del Norte,davao del norte 1
Davao del Norte,davao del norte 2
Davao del Norte,davao del norte 3
Davao del Sur,davao del sur 1
Davao del Sur,davao del sur 2
Eastern Samar,eastern samar
Guimaras,guimaras
Ifugao,ifugao
Iligan,iligan city
Ilocos Norte,ilocos norte 1
Ilocos Norte,ilocos norte 2
Ilocos Sur,ilocos sur 1
Ilocos Sur,ilocos sur 2
Iloilo,city of antipolo
Iloilo,iloilo 1
Iloilo,iloilo 2
Iloilo,iloilo 3
Iloilo,iloilo 4
Iloilo,iloilo 5
Iloilo,iloilo city (capital)
Isabela,isabela 1
Isabela,isabela 2
Isabela,isabela 3
Isabela,isabela 4
Kalinga,kalinga
La Union,la union 1
La Union,la union 2
Laguna,laguna 1
Laguna,laguna 2
Laguna,laguna 3
Laguna,laguna 4
Lanao del Norte,lanao del norte 1
Lanao del Norte,lanao del norte 2
Lanao del Norte,san jose del monte city
Lanao del Sur,lanao del sur 1
Lanao del Sur,lanao del sur 2
Lapu-Lapu,lapu-lapu city (opon)
Las Pinas,city of las piÑas
Leyte,leyte 1
Leyte,leyte 2
Leyte,leyte 3
Leyte,leyte 4
Leyte,leyte 5
Maguindanao,maguindanao
Maguindanao,maguindanao 1
Maguindanao,maguindanao 2
Makati,city of makati
Makati,city of makati 1
Makati,city of makati 2
Malabon,malabon city
Mandaluyong City,city of mandaluyong
Manila,city of manila 1
Manila,city of manila 2
Manila,city of manila 3
Manila,city of manila 4
Manila,city of manila 5
Manila,city of manila 6
Marikina,city of marikina
Marikina,city of marikina 1
Marikina,city of marikina 2
Marinduque,marinduque
Masbate,masbate 1
Masbate,masbate 2
Masbate,masbate 3
Mindoro Occidental,occidental mindoro
Mindoro Oriental,oriental mindoro 1
Mindoro Oriental,oriental mindoro 2
Misamis Occidental,misamis occidental 1
Misamis Occidental,misamis occidental 2
Misamis Oriental,misamis oriental 1
Misamis Oriental,misamis oriental 2
Mountain Province,mountain province
Muntinlupa,city of muntinlupa
Muntinlupa,city of muntinlupa - city of las piÑas
Naga,dinagat islands
Navotas,malabon city - navotas city
Navotas,navotas city
Negros Occidental,negros occidental 1
Negros Occidental,negros occidental 2
Negros Occidental,negros occidental 3
Negros Occidental,negros occidental 4
Negros Occidental,negros occidental 5
Negros Occidental,negros occidental 6
Negros Oriental,negros oriental 1
Negros Oriental,negros oriental 2
Negros Oriental,negros oriental 3
Northern Samar,northern samar 1
Northern Samar,northern samar 2
Nueva Ecija,nueva ecija 1
Nueva Ecija,nueva ecija 2
Nueva Ecija,nueva ecija 3
Nueva Ecija,nueva ecija 4
Nueva Vizcaya,nueva vizcaya
Palawan,palawan 1
Palawan,palawan 2
Pampanga,pampanga 1
Pampanga,pampanga 2
Pampanga,pampanga 3
Pampanga,pampanga 4
Pangasinan,pangasinan 1
Pangasinan,pangasinan 2
Pangasinan,pangasinan 3
Pangasinan,pangasinan 4
Pangasinan,pangasinan 5
Pangasinan,pangasinan 6
Paranaque,city of paraÑaque
Pasay,pasay city
Pasig,city of pasig
Quezon,quezon 1
Quezon,quezon 2
Quezon,quezon 3
Quezon,quezon 4
Quezon City,city of antipolo 1
Quezon City,city of antipolo 2
Quezon City,city of paraÑaque 1
Quezon City,city of paraÑaque 2
Quezon City,quezon city 1
Quezon City,quezon city 2
Quezon City,quezon city 3
Quezon City,quezon city 4
Quirino,quirino
Rizal,rizal 1
Rizal,rizal 2
Romblon,romblon
Samar,samar 1
Samar,samar 2
San Juan,san juan city
San Juan,san juan city - mandaluyong
San Juan,shariff kabunsuan
Sarangani,sarangani
Siquijor,siquijor
Sorsogon,sorsogon 1
Sorsogon,sorsogon 2
South Cotabato,south cotabato 1
South Cotabato,south cotabato 2
South Cotabato,south cotabato 3
Southern Leyte,southern leyte
Sultan Kudarat,sultan kudarat
Sultan Kudarat,sultan kudarat 1
Sultan Kudarat,sultan kudarat 2
Sulu,sulu 1
Sulu,sulu 2
Surigao del Norte,surigao del norte 1
Surigao del Norte,surigao del norte 2
Surigao del Sur,surigao del sur 1
Surigao del Sur,surigao del sur 2
Taguig,taguig city
Taguig,taguig city - pateros
Tarlac,tarlac 1
Tarlac,tarlac 2
Tarlac,tarlac 3
Tawi-Tawi,tawi-tawi
Valenzuela,city of valenzuela
Valenzuela,city of valenzuela 1
Valenzuela,city of valenzuela 2
Zambales,zambales 1
Zambales,zambales 2
Zamboanga,zamboanga city
Zamboanga,zamboanga city 1
Zamboanga,zamboanga city 2
Zamboanga Sibugay,zamboanga sibugay
Zamboanga Sibugay,zamboanga sibugay 1
Zamboanga Sibugay,zamboanga sibugay 2
Zamboanga del Norte,zamboanga del norte 1
Zamboanga del Norte,zamboanga del norte 2
Zamboanga del Norte,zamboanga del norte 3
Zamboanga del Sur,zamboanga del sur 1
Zamboanga del Sur,zamboanga del sur 2
Zamboanga del Sur,zamboanga del sur 3
